group,model,k,n_samples,chi2_min,Dbar,pD_MAP,pD_Gelman,DIC,DIC_Gelman,AIC,AICc,BIC,dDIC,dDIC_Gelman,dAIC,dAICc,dBIC,dchi2,dk,dpD,reference,sigma_pD,sigma_k
CLASS_included,Doom-Factor Stable (SiwCDM),5,19200,1465.834,1471.544,5.71,5.719,1477.255,1477.263,1475.834,1475.869,1503.067,5.885,5.777,4.326,4.326,4.326,4.326,0.0,0.779,Unrestricted (iwCDM),2.1,
CLASS_included,Positive Energy (+iwCDM),5,19800,1470.998,1476.752,5.754,5.84,1482.506,1482.592,1480.998,1481.033,1508.231,11.136,11.106,9.49,9.49,9.49,9.49,0.0,0.823,Unrestricted (iwCDM),3.1,
CLASS_included,Unrestricted (iwCDM),5,26520,1461.508,1466.439,4.931,5.047,1471.37,1471.486,1471.508,1471.544,1498.741,0.0,0.0,0.0,0.0,0.0,0.0,0.0,0.0,Unrestricted (iwCDM),,
Free,LCDM_v,4,52560,1465.541,1469.51,3.968,3.976,1473.478,1473.486,1473.541,1473.564,1495.327,0.0,0.0,0.0,0.0,0.0,0.0,0.0,0.0,LCDM_v,,
Free,NonLinear_IDE_2,6,26760,1460.749,1466.667,5.919,6.043,1472.586,1472.71,1472.749,1472.798,1505.428,-0.892,-0.776,-0.792,-0.767,10.101,-4.792,2.0,1.95,LCDM_v,1.7,1.7
Positive,LCDM_v,4,54120,1465.531,1469.529,3.997,3.996,1473.526,1473.525,1473.531,1473.555,1495.318,0.0,0.0,0.0,0.0,0.0,0.0,0.0,0.0,LCDM_v,,
Positive,NonLinear_IDE_2,6,36360,1461.676,1468.166,6.49,6.522,1474.656,1474.688,1473.676,1473.726,1506.356,1.13,1.163,0.145,0.171,11.038,-3.855,2.0,2.492,LCDM_v,1.5,1.5
Positive_stable,LCDM_v,4,53760,1465.539,1469.545,4.006,4.003,1473.551,1473.547,1473.539,1473.563,1495.326,0.0,0.0,0.0,0.0,0.0,0.0,0.0,0.0,LCDM_v,,
Positive_stable,NonLinear_IDE_2,6,33480,1463.213,1469.787,6.574,6.604,1476.361,1476.391,1475.213,1475.262,1507.892,2.811,2.843,1.673,1.699,12.567,-2.327,2.0,2.569,LCDM_v,0.7,1.0
