group,model,parameter,median,minus,plus
CLASS_included,Doom-Factor Stable (SiwCDM),Omega_m,0.3064,0.0079,0.0081
CLASS_included,Doom-Factor Stable (SiwCDM),w,-1.0118,0.0177,0.0087
CLASS_included,Doom-Factor Stable (SiwCDM),delta,-0.0017,0.001,0.001
CLASS_included,Doom-Factor Stable (SiwCDM),H_0,73.7525,0.9996,1.0072
CLASS_included,Doom-Factor Stable (SiwCDM),M,-19.2481,0.0291,0.0295
CLASS_included,Positive Energy (+iwCDM),Omega_m,0.3121,0.0078,0.008
CLASS_included,Positive Energy (+iwCDM),w,-1.0381,0.0231,0.0222
CLASS_included,Positive Energy (+iwCDM),delta,0.0004,0.0003,0.0006
CLASS_included,Positive Energy (+iwCDM),H_0,72.7494,0.9975,1.0077
CLASS_included,Positive Energy (+iwCDM),M,-19.279,0.0283,0.0281
CLASS_included,Unrestricted (iwCDM),Omega_m,0.2959,0.009,0.0091
CLASS_included,Unrestricted (iwCDM),w,-0.9131,0.0423,0.0407
CLASS_included,Unrestricted (iwCDM),delta,-0.006,0.0022,0.0021
CLASS_included,Unrestricted (iwCDM),H_0,73.4353,1.0038,1.0168
CLASS_included,Unrestricted (iwCDM),M,-19.2434,0.0295,0.0292
Free,LCDM_v,Omega_m,0.3058,0.0078,0.0079
Free,LCDM_v,H_0,73.72,0.9971,1.0051
Free,LCDM_v,r_d,136.9531,1.999,2.0347
Free,LCDM_v,M,-19.2466,0.0293,0.0291
Free,NonLinear_IDE_2,Omega_m,0.2669,0.0408,0.0468
Free,NonLinear_IDE_2,w,-0.8511,0.1066,0.085
Free,NonLinear_IDE_2,delta,-0.0841,0.1489,0.1165
Free,NonLinear_IDE_2,H_0,73.3622,1.0091,1.0062
Free,NonLinear_IDE_2,r_d,136.1085,2.0232,2.064
Free,NonLinear_IDE_2,M,-19.2429,0.0292,0.0289
Positive,LCDM_v,Omega_m,0.3057,0.0077,0.0079
Positive,LCDM_v,H_0,73.7275,1.0028,1.0166
Positive,LCDM_v,r_d,136.9495,2.0128,2.0538
Positive,LCDM_v,M,-19.2465,0.0294,0.0294
Positive,NonLinear_IDE_2,Omega_m,0.3216,0.0184,0.0316
Positive,NonLinear_IDE_2,w,-0.9741,0.0824,0.0584
Positive,NonLinear_IDE_2,delta,0.0481,0.0343,0.0534
Positive,NonLinear_IDE_2,H_0,73.5153,1.0166,1.0154
Positive,NonLinear_IDE_2,r_d,135.9215,2.0295,2.0578
Positive,NonLinear_IDE_2,M,-19.2438,0.0296,0.0292
Positive_stable,LCDM_v,Omega_m,0.3057,0.0078,0.0081
Positive_stable,LCDM_v,H_0,73.7116,0.9984,1.0115
Positive_stable,LCDM_v,r_d,136.9612,2.0068,2.0403
Positive_stable,LCDM_v,M,-19.2469,0.0294,0.0293
Positive_stable,NonLinear_IDE_2,Omega_m,0.3481,0.0212,0.0285
Positive_stable,NonLinear_IDE_2,w,-1.048,0.0735,0.0353
Positive_stable,NonLinear_IDE_2,delta,0.0914,0.0396,0.0432
Positive_stable,NonLinear_IDE_2,H_0,73.6467,1.0076,1.0105
Positive_stable,NonLinear_IDE_2,r_d,136.0476,2.0423,2.0715
Positive_stable,NonLinear_IDE_2,M,-19.2451,0.0292,0.0289
